{
  "scope": "C",
  "version": 2,
  "restricted": false,
  "overridable": true,
  "files": [
    "thumbnail.png",
    "window.bin"
  ],
  "attributes": {
    "xml-format-version": 1,
    "lastModificationSignature": "ae75a3cfffbe712cb6907a94223f806ffa3f13c84446edd0c508a9f7ad73208f",
    "lastModification": {
      "actor": "admin",
      "timestamp": "2022-02-14T15:03:51Z"
    },
    "parameter-names": "Bag_H,Bag_L,Bag_W,Pallet_H,Pallet_L,Pallet_W,Pallet_frame_X,Pallet_frame_Y,Scale_factor,data,evenRowShown,firstRowBase,id,packsPerPallete,packsPerRow,packsPosEven,packsPosOdd,palleteHeight,rowHeight,rowsPerPallete,selectedPackEven,selectedPackOdd"
  }
}