{
  "scope": "C",
  "version": 2,
  "restricted": false,
  "overridable": true,
  "files": [
    "thumbnail.png",
    "window.bin"
  ],
  "attributes": {
    "xml-format-version": 1,
    "lastModificationSignature": "aa90b723aed01ead0213701e63191f19134aa39cc4c641842b1fc1dc0df77dce",
    "lastModification": {
      "actor": "admin",
      "timestamp": "2024-03-12T11:22:51Z"
    },
    "parameter-names": "BagH,BagL,BagW,CanSave,ChangeDate,ChangedBy,CreateDate,CreatedBy,CurrentRecipe,Description,Id,IdRow,RecipeData,RecipeName,WindowOperation"
  }
}