{
  "scope": "C",
  "version": 2,
  "restricted": false,
  "overridable": true,
  "files": [
    "thumbnail.png",
    "window.bin"
  ],
  "attributes": {
    "xml-format-version": 1,
    "lastModificationSignature": "3dd0709db6e81e121b3d2eb80ef5adb3fd739c66d3253dd06e4973f47d6756b2",
    "lastModification": {
      "actor": "vic",
      "timestamp": "2024-04-30T08:43:41Z"
    },
    "parameter-names": "BagH,BagL,BagW,CanSave,ChangeDate,ChangedBy,CreateDate,CreatedBy,CurrentRecipe,Description,Id,IdInRobot,IdRow,OriginalRecipeName,RecipeData,TargetBox,WindowOperation"
  }
}