{
  "scope": "C",
  "version": 2,
  "restricted": false,
  "overridable": true,
  "files": [
    "thumbnail.png",
    "window.bin"
  ],
  "attributes": {
    "xml-format-version": 1,
    "lastModificationSignature": "b528a9e4671248ee88ec042ab8c442a8b448b54ddb170ba7d11bbdd0906710bf",
    "lastModification": {
      "actor": "admin",
      "timestamp": "2022-02-14T15:03:51Z"
    },
    "parameter-names": "Bag_H,Bag_L,Bag_W,Pallet_H,Pallet_L,Pallet_W,Pallet_frame_X,Pallet_frame_Y,Scale_factor,data,evenRowShown,firstRowBase,id,packsPerPallete,packsPerRow,packsPosEven,packsPosOdd,palleteHeight,rowHeight,rowsPerPallete,selectedPackEven,selectedPackOdd"
  }
}