{
  "scope": "A",
  "documentation": "Схеми за палетизиране - една таблица с обща информация за рецептата, и друга със съставки (стъпки)",
  "version": 1,
  "restricted": false,
  "overridable": true,
  "files": [
    "code.py"
  ],
  "attributes": {
    "lastModificationSignature": "10c68f77fd17e229420ab08633c4a34a04f2fcc707375bbb72abef627294edf2",
    "hintScope": 2,
    "lastModification": {
      "actor": "admin",
      "timestamp": "2024-04-23T14:24:54Z"
    }
  }
}