{
  "scope": "C",
  "version": 2,
  "restricted": false,
  "overridable": true,
  "files": [
    "thumbnail.png",
    "window.bin"
  ],
  "attributes": {
    "xml-format-version": 1,
    "lastModificationSignature": "9934752fdcd4d24f4afe7458f3c01780e23f1657b08abc9b168f6ff90b7ab0cf",
    "lastModification": {
      "actor": "admin",
      "timestamp": "2022-02-14T15:03:51Z"
    },
    "parameter-names": "Bag_H,Bag_L,Bag_W,Pallet_H,Pallet_L,Pallet_W,Pallet_frame_X,Pallet_frame_Y,RecipeInfo,Scale_factor,data,evenRowShown,firstRowBase,id,packsPerPallete,packsPerRow,packsPosEven,packsPosOdd,palleteHeight,rowHeight,rowsPerPallete,selectedPackEven,selectedPackOdd"
  }
}