{
  "custom": {},
  "params": {},
  "propConfig": {},
  "props": {
    "direction": "column",
    "style": {
      "gap": "20px",
      "padding": "20px"
    }
  },
  "root": {
    "type": "flex",
    "props": {
      "direction": "column",
      "style": {
        "gap": "20px",
        "padding": "20px"
      }
    },
    "children": [
      {
        "type": "label",
        "props": {
          "text": "Активност на оператора",
          "style": {
            "fontSize": "24px",
            "fontWeight": "bold"
          }
        }
      },
      {
        "type": "label",
        "props": {
          "text": "{[default]isMoving} ? 'Движи се' : 'Не се движи'",
          "style": {
            "fontSize": "20px",
            "color": "{[default]isMoving} ? 'green' : 'red'"
          }
        }
      },
      {
        "type": "powerChart",
        "props": {
          "dataSources": [
            {
              "source": "Tag",
              "tags": [
                {
                  "path": "[default]isMoving"
                }
              ]
            }
          ],
          "timeRange": "24hr"
        }
      }
    ]
  }
}