{
  "scope": "C",
  "version": 2,
  "restricted": false,
  "overridable": true,
  "files": [
    "thumbnail.png",
    "window.bin"
  ],
  "attributes": {
    "xml-format-version": 1,
    "lastModificationSignature": "aa93278945787dac3332b8aec62b392304345302e94e3e534a48a1e564285463",
    "lastModification": {
      "actor": "admin",
      "timestamp": "2024-04-05T06:19:51Z"
    },
    "parameter-names": "BagH,BagL,BagW,CanSave,ChangeDate,ChangedBy,CreateDate,CreatedBy,CurrentRecipe,Description,Id,IdRow,RecipeData,RecipeName,WindowOperation"
  }
}