{
  "scope": "C",
  "version": 2,
  "restricted": false,
  "overridable": true,
  "files": [
    "thumbnail.png",
    "window.bin"
  ],
  "attributes": {
    "xml-format-version": 1,
    "lastModificationSignature": "742e283f8e851d1797fd92482aa4c74b76497f438a6fdf4310b5f2b47a663cb4",
    "lastModification": {
      "actor": "admin",
      "timestamp": "2024-04-30T14:10:55Z"
    },
    "parameter-names": "AlternatingLayers,CanSave,ChangeDate,ChangedBy,CreateDate,CreatedBy,CurrentLayer,CurrentPack,Description,EvenLayerPlacement,EvenLayerShown,GripperExtendClearance,GripperLength,GripperToBagCenter,Id,IdInRobot,LayersPerPallete,PackCenterOffsetH,PackCenterOffsetW,PackH,PackL,PackW,PacksPerLayer,PacksPerPallete,PacksPosEven,PacksPosOdd,PalletFrameX,PalletFrameY,PalletH,PalletL,PalletW,RecipeInfo,RecipeName,RobotRecipeTags,SaladPackSize1Kg,SelectedPackEven,SelectedPackOdd,TargetPallete,WindowOperation"
  }
}