{
  "scope": "C",
  "version": 2,
  "restricted": false,
  "overridable": true,
  "files": [
    "thumbnail.png",
    "window.bin"
  ],
  "attributes": {
    "xml-format-version": 1,
    "lastModificationSignature": "5694e83c4ad5c88e4f7057e52e07491d90d513563db48b33fc674fe4c1936097",
    "lastModification": {
      "actor": "admin",
      "timestamp": "2022-02-14T15:03:51Z"
    },
    "parameter-names": "CanSave,ChangeDate,ChangedBy,CreateDate,CreatedBy,CurrentLayer,CurrentPack,Description,EvenLayerPlacement,EvenLayerShown,Id,IdInRobot,LayersPerPallete,PackH,PackL,PackW,PacksPerLayer,PacksPerPallete,PacksPosEven,PacksPosOdd,PalletFrameX,PalletFrameY,PalletH,PalletL,PalletW,RecipeInfo,RecipeName,SelectedPackEven,SelectedPackOdd,WindowOperation"
  }
}