{
  "scope": "C",
  "version": 2,
  "restricted": false,
  "overridable": true,
  "files": [
    "thumbnail.png",
    "window.bin"
  ],
  "attributes": {
    "xml-format-version": 1,
    "lastModificationSignature": "cc05f446c50153a44e266ae988ff91a01737dd51a6d2425f6c58ca52c298f6aa",
    "lastModification": {
      "actor": "admin",
      "timestamp": "2022-02-14T15:03:51Z"
    },
    "parameter-names": "Bag_H,Bag_L,Bag_W,Pallet_H,Pallet_L,Pallet_W,Pallet_frame_X,Pallet_frame_Y,Scale_factor,data,id"
  }
}