{
  "scope": "C",
  "version": 2,
  "restricted": false,
  "overridable": true,
  "files": [
    "thumbnail.png",
    "window.bin"
  ],
  "attributes": {
    "xml-format-version": 1,
    "lastModificationSignature": "b1ab60b25fa06e3deba7e48a7221763af05426848c79559d474bbe9cb61a895b",
    "lastModification": {
      "actor": "admin",
      "timestamp": "2022-02-14T15:03:51Z"
    },
    "parameter-names": "ChangeDate,ChangedBy,CreateDate,CreatedBy,Description,EvenLayerShown,FirstLayerBase,Id,LayerHeight,LayersPerPallete,PackH,PackL,PackW,PacksPerLayer,PacksPerPallete,PacksPosEven,PacksPosOdd,PalletFrameX,PalletFrameY,PalletH,PalletL,PalletW,RecipeName,Scale_factor,SelectedPackEven,SelectedPackOdd"
  }
}