{
  "custom": {},
  "params": {},
  "props": {
    "defaultSize": {
      "height": 331,
      "width": 270
    }
  },
  "root": {
    "children": [
      {
        "meta": {
          "name": "MovingAnalogIndicator"
        },
        "position": {
          "basis": "223px"
        },
        "propConfig": {
          "props.processValue": {
            "binding": {
              "config": {
                "path": "session.props.device.accelerometer.x"
              },
              "type": "property"
            }
          }
        },
        "props": {
          "desiredHigh": 9.8,
          "desiredLow": -9.8,
          "highAlarm": null,
          "highHighAlarm": null,
          "highInterlock": null,
          "lowAlarm": null,
          "lowInterlock": null,
          "lowLowAlarm": null,
          "maxValue": 20,
          "minValue": -20,
          "setpointValue": 0
        },
        "type": "ia.display.moving-analog-indicator"
      },
      {
        "meta": {
          "name": "MovingAnalogIndicator_0"
        },
        "position": {
          "basis": "223px"
        },
        "propConfig": {
          "props.processValue": {
            "binding": {
              "config": {
                "path": "session.props.device.accelerometer.y"
              },
              "type": "property"
            }
          }
        },
        "props": {
          "desiredHigh": 9.8,
          "desiredLow": -9.8,
          "highAlarm": null,
          "highHighAlarm": null,
          "highInterlock": null,
          "lowAlarm": null,
          "lowInterlock": null,
          "lowLowAlarm": null,
          "maxValue": 20,
          "minValue": -20,
          "setpointValue": 0
        },
        "type": "ia.display.moving-analog-indicator"
      },
      {
        "meta": {
          "name": "MovingAnalogIndicator_1"
        },
        "position": {
          "basis": "223px"
        },
        "propConfig": {
          "props.processValue": {
            "binding": {
              "config": {
                "path": "session.props.device.accelerometer.z"
              },
              "type": "property"
            }
          }
        },
        "props": {
          "desiredHigh": 9.8,
          "desiredLow": -9.8,
          "highAlarm": null,
          "highHighAlarm": null,
          "highInterlock": null,
          "lowAlarm": null,
          "lowInterlock": null,
          "lowLowAlarm": null,
          "maxValue": 20,
          "minValue": -20,
          "setpointValue": 0
        },
        "type": "ia.display.moving-analog-indicator"
      },
      {
        "custom": {
          "accelData": "value"
        },
        "events": {
          "component": {
            "onActionPerformed": {
              "config": {
                "config": {
                  "duration": -1,
                  "sampleRate": 0
                },
                "mode": "Off"
              },
              "scope": "C",
              "type": "native/accelerometer"
            }
          }
        },
        "meta": {
          "name": "Button_0"
        },
        "props": {
          "text": "Stop Scan"
        },
        "type": "ia.input.button"
      },
      {
        "events": {
          "component": {
            "onActionPerformed": {
              "config": {
                "config": {
                  "duration": 0,
                  "sampleRate": 100
                },
                "context": {},
                "mode": "Continuous"
              },
              "scope": "C",
              "type": "native/accelerometer"
            }
          }
        },
        "meta": {
          "name": "Button"
        },
        "props": {
          "text": "Start Scan"
        },
        "type": "ia.input.button"
      },
      {
        "meta": {
          "name": "Sparkline_0"
        },
        "position": {
          "basis": "100px"
        },
        "propConfig": {
          "props.points": {
            "binding": {
              "config": {
                "path": "session.custom.histAx"
              },
              "type": "property"
            }
          }
        },
        "props": {
          "range": {
            "high": 20
          }
        },
        "type": "ia.display.sparkline"
      },
      {
        "meta": {
          "name": "Sparkline"
        },
        "position": {
          "basis": "100px"
        },
        "propConfig": {
          "props.points": {
            "binding": {
              "config": {
                "path": "session.custom.histAy"
              },
              "type": "property"
            }
          }
        },
        "props": {
          "range": {
            "high": 20
          },
          "style": {
            "backgroundColor": "#D5D5D5"
          }
        },
        "type": "ia.display.sparkline"
      },
      {
        "custom": {
          "accelData": "value"
        },
        "events": {
          "component": {
            "onActionPerformed": {
              "config": {
                "config": {
                  "continuousRead": true,
                  "enable": true
                },
                "context": {}
              },
              "scope": "C",
              "type": "native/ndef"
            }
          }
        },
        "meta": {
          "name": "Button_1"
        },
        "props": {
          "text": "Start NFC"
        },
        "type": "ia.input.button"
      },
      {
        "meta": {
          "name": "Sparkline_1"
        },
        "position": {
          "basis": "100px"
        },
        "propConfig": {
          "props.points": {
            "binding": {
              "config": {
                "path": "session.custom.histAz"
              },
              "type": "property"
            }
          }
        },
        "props": {
          "range": {
            "high": 20
          }
        },
        "type": "ia.display.sparkline"
      },
      {
        "meta": {
          "name": "Label"
        },
        "position": {
          "basis": "32px"
        },
        "propConfig": {
          "props.text": {
            "binding": {
              "config": {
                "path": "session.custom.nfc"
              },
              "type": "property"
            }
          }
        },
        "type": "ia.display.label"
      },
      {
        "custom": {
          "accelData": "value"
        },
        "events": {
          "component": {
            "onActionPerformed": {
              "config": {
                "config": {
                  "continuousRead": false,
                  "enable": false
                },
                "context": {}
              },
              "scope": "C",
              "type": "native/ndef"
            }
          }
        },
        "meta": {
          "name": "Button_2"
        },
        "props": {
          "text": "Stop NFC"
        },
        "type": "ia.input.button"
      }
    ],
    "meta": {
      "name": "root"
    },
    "props": {
      "direction": "column"
    },
    "type": "ia.container.flex"
  }
}