{
  "scope": "C",
  "version": 2,
  "restricted": false,
  "overridable": true,
  "files": [
    "thumbnail.png",
    "window.bin"
  ],
  "attributes": {
    "xml-format-version": 1,
    "lastModificationSignature": "b045cac9b6a288e901cbe264d6db0749cbddb94bdd2d5a5be1c6945d959ea81c",
    "lastModification": {
      "actor": "admin",
      "timestamp": "2022-02-14T15:03:51Z"
    },
    "parameter-names": "CanSave,ChangeDate,ChangedBy,CreateDate,CreatedBy,Description,EvenLayerShown,FirstLayerBase,Id,LayerHeight,LayersPerPallete,PackH,PackL,PackW,PacksPerLayer,PacksPerPallete,PacksPosEven,PacksPosOdd,PalletFrameX,PalletFrameY,PalletH,PalletL,PalletW,RecipeInfo,RecipeName,Scale_factor,SelectedPackEven,SelectedPackOdd,WindowOperation"
  }
}