{
  "custom": {
    "histAx": [],
    "histAy": [],
    "histAz": [],
    "nfc": "value"
  },
  "propConfig": {
    "props.auth": {
      "access": "PRIVATE",
      "persistent": false
    },
    "props.device.accelerometer": {
      "access": "SYSTEM",
      "onChange": {
        "enabled": null,
        "script": "\tLogger.info( \"accel data {}\".format(currentValue.value[\u0027x\u0027]) )\n\tmaxLen \u003d 100\n\tax \u003d currentValue.value[\u0027x\u0027].value\n\tay \u003d currentValue.value[\u0027y\u0027].value\n\taz \u003d currentValue.value[\u0027z\u0027].value\n\thistAx \u003d self.custom.histAx\n\thistAy \u003d self.custom.histAy\n\thistAz \u003d self.custom.histAz\n\thistAx.append(ax)\n\thistAy.append(ay)\n\thistAz.append(az)\n\tif len(histAx) \u003e maxLen:\n\t\thistAx.pop(0)\n\tif len(histAy) \u003e maxLen:\n\t\t\thistAy.pop(0)\n\tif len(histAz) \u003e maxLen:\n\t\t\thistAz.pop(0)"
      },
      "persistent": false
    },
    "props.device.identifier": {
      "access": "SYSTEM",
      "persistent": false
    },
    "props.device.timezone": {
      "access": "SYSTEM",
      "persistent": false
    },
    "props.device.type": {
      "access": "SYSTEM",
      "persistent": false
    },
    "props.device.userAgent": {
      "access": "SYSTEM",
      "persistent": false
    },
    "props.gateway": {
      "access": "SYSTEM",
      "persistent": false
    },
    "props.geolocation.data": {
      "access": "SYSTEM",
      "persistent": false
    },
    "props.geolocation.permissionGranted": {
      "access": "SYSTEM",
      "persistent": false
    },
    "props.host": {
      "access": "SYSTEM",
      "persistent": false
    },
    "props.id": {
      "access": "SYSTEM",
      "persistent": false
    },
    "props.lastActivity": {
      "access": "SYSTEM",
      "persistent": false
    }
  },
  "props": {
    "address": "192.168.77.217",
    "device": {},
    "geolocation": {},
    "locale": "en-US",
    "timeZoneId": "Europe/Sofia"
  }
}